Time,Vanillin,Methyl Salicylate,Hexanal,a-Pinene
0.25,0.003832636,0.002857866,0.032559747,0.001265093
0.5,0.009929173,0.00242682,0.049836407,0.001031862
3.5,0.00802965,0.008174765,0.075167143,0.001477073
6,0.038667891,0.044462554,0.255214712,0.00542097
12,0.606423513,0.254751736,0.502916598,0.009168081
24,0.130288505,0.993791353,0.48397879,0.006590071